{
    "Using Intel Optimization Module": 0.0040798187255859375,
    "Without Intel Optimization Module": 0.006917476654052734
}