{
    "Model Training using Intel": 33.66533017158508,
    "Model training without Intel": 39.30158090591431
}